"","ws","mean_temp"
"1","WS14",15.0723029897597
"2","WS27",12.9508998490186
"3","WS34",13.9465236837693
"4","WS7",14.6137407578171
